{"schemaVersion":"1.0","appDefinitionTemplate":{"id":"/providers/Microsoft.PowerApps/apps/","type":"Microsoft.PowerApps/apps","tags":{"sp-site-id":"https://learnings836.sharepoint.com/sites/TeamExp1","sp-list-id":"6b2c77c4-94fe-4b74-bef7-3b248e712002","https://learnings836.sharepoint.com/sites/TeamExp1":"6b2c77c4-94fe-4b74-bef7-3b248e712002","primaryDeviceWidth":"640","primaryDeviceHeight":"1136","sienaVersion":"20220312T064601Z-3.22021.27.0","deviceCapabilities":"","supportsPortrait":"true","supportsLandscape":"true","primaryFormFactor":"Phone","publisherVersion":"3.22021.27","minimumRequiredApiVersion":"2.2.0","hasComponent":"false","hasUnlockedComponent":"false","isUnifiedRootApp":"false"},"properties":{"appVersion":"2022-03-12T06:46:01Z","lifeCycleId":"Published","createdByClientVersion":{"major":3,"minor":22021,"build":27,"revision":0,"majorRevision":0,"minorRevision":0},"minClientVersion":{"major":3,"minor":22021,"build":27,"revision":0,"majorRevision":0,"minorRevision":0},"backgroundColor":"RGBA(0,176,240,1)","backgroundImageUri":"/17546303123867410027/Nfa1d2d74-d398-42fa-a1b9-f21c25977e07-logoSmallFile","displayName":"Sign Up","description":"","commitMessage":"","appUris":{"documentUri":{"value":"/17546303123867410027/N408f1392-75aa-4f62-bc01-e5344e727601-document.msapp"},"imageUris":[]},"createdTime":"0001-01-01T00:00:00Z","lastModifiedTime":"0001-01-01T00:00:00Z","sharedGroupsCount":0,"sharedUsersCount":0,"icons":{"smallIconUri":"/17546303123867410027/N60177ed1-e8f7-4013-a7a7-7d34f221c0fc-small.png","mediumIconUri":"/17546303123867410027/Nc37f681c-7273-438b-9825-7eb0b4410234-medium.png","largeIconUri":"/17546303123867410027/Nc76e029b-3243-44eb-b2d8-be1d6f5a1fe8-large.png","wideIconUri":"/17546303123867410027/N92b8e98e-23c4-478b-8d1c-cf083a12a6db-wide.png"},"connectionReferences":{"fbde1e2a-fb52-4d91-a277-e68a68aed7d1":{"id":"ccfd9343-fd4c-4f9c-aa5a-e01441607349","displayName":"SharePoint","iconUri":"https://connectoricons-prod.azureedge.net/releases/v1.0.1559/1.0.1559.2722/sharepointonline/icon.png","dataSources":["Sign Up","Sign Up Person Details"],"dependencies":[],"dependents":[],"parameterHints":{},"parameterHintsV2":{},"isOnPremiseConnection":false,"bypassConsent":false,"dataSets":{"https://learnings836.sharepoint.com/sites/TeamExp1":{"dataSources":{"Sign Up":{"tableName":"6b2c77c4-94fe-4b74-bef7-3b248e712002"},"Sign Up Person Details":{"tableName":"a9f1983d-810d-40ea-a0b6-6f3c932eb433"}}}},"apiTier":"Standard","isCustomApiConnection":false,"actions":["providers/PowerPlatform.Governance/Operations/Read","providers/PowerPlatform.Governance/Operations/Write"]}},"databaseReferences":{},"almMode":"Environment","performanceOptimizationEnabled":true,"canConsumeAppPass":true,"executionRestrictions":{"isTeamsOnly":false,"dataLossPreventionEvaluationResult":{"status":"Compliant","lastEvaluationDate":"2022-03-10T05:56:06.2923047Z","violations":[],"violationsByPolicy":[],"violationErrorMessage":"The app uses the following connectors: shared_sharepointonline."}}},"appType":"ClassicCanvasApp","appComponents":[]}}